{
    "TTTBehavior": {
        "checkpoints": [
            {
                "steps": 499999,
                "file_path": "results\\PPO_00\\TTTBehavior\\TTTBehavior-499999.onnx",
                "reward": 0.7641248681535802,
                "creation_time": 1614142273.512442
            },
            {
                "steps": 999997,
                "file_path": "results\\PPO_00\\TTTBehavior\\TTTBehavior-999997.onnx",
                "reward": 0.9612903216442754,
                "creation_time": 1614148923.9556007
            },
            {
                "steps": 1499996,
                "file_path": "results\\PPO_00\\TTTBehavior\\TTTBehavior-1499996.onnx",
                "reward": 0.048094795407471164,
                "creation_time": 1614156536.4418073
            },
            {
                "steps": 1647410,
                "file_path": "results\\PPO_00\\TTTBehavior\\TTTBehavior-1647410.onnx",
                "reward": 0.9943570264059761,
                "creation_time": 1614158493.9075096
            }
        ],
        "final_checkpoint": {
            "steps": 1647410,
            "file_path": "results\\PPO_00\\TTTBehavior.onnx",
            "reward": 0.9943570264059761,
            "creation_time": 1614158493.9075096
        }
    },
    "metadata": {
        "stats_format_version": "0.2.0",
        "mlagents_version": "0.23.0",
        "torch_version": "1.7.1",
        "tensorflow_version": -1
    }
}